{"_step":3999,"train loss":0.12039225548505783,"train acc":0.96875,"_timestamp":1.7678458862439244e+09,"val loss":0.0011390919098630548,"val acc":1,"_runtime":1098,"_wandb":{"runtime":1098}}